{
  "id": "3372846",
  "name": "file-manage",
  "font_family": "iconfont",
  "css_prefix_text": "icon-",
  "description": "文件管理图标",
  "glyphs": [
    {
      "icon_id": "5328033",
      "name": "folder",
      "font_class": "folder",
      "unicode": "e690",
      "unicode_decimal": 59024
    },
    {
      "icon_id": "5328329",
      "name": "file_blank",
      "font_class": "file",
      "unicode": "e692",
      "unicode_decimal": 59026
    },
    {
      "icon_id": "5330223",
      "name": "file_zip",
      "font_class": "file_zip",
      "unicode": "e697",
      "unicode_decimal": 59031
    },
    {
      "icon_id": "5330370",
      "name": "file_excel",
      "font_class": "file_excel",
      "unicode": "e698",
      "unicode_decimal": 59032
    },
    {
      "icon_id": "5330447",
      "name": "file_ppt",
      "font_class": "file_ppt",
      "unicode": "e699",
      "unicode_decimal": 59033
    },
    {
      "icon_id": "5330482",
      "name": "file_word",
      "font_class": "file_word",
      "unicode": "e69a",
      "unicode_decimal": 59034
    },
    {
      "icon_id": "5330697",
      "name": "file_pdf",
      "font_class": "file_pdf",
      "unicode": "e69b",
      "unicode_decimal": 59035
    },
    {
      "icon_id": "5331557",
      "name": "file_music",
      "font_class": "file_music",
      "unicode": "e69c",
      "unicode_decimal": 59036
    },
    {
      "icon_id": "5331606",
      "name": "file_video",
      "font_class": "file_video",
      "unicode": "e69d",
      "unicode_decimal": 59037
    },
    {
      "icon_id": "5332026",
      "name": "file_img",
      "font_class": "file_img",
      "unicode": "e69e",
      "unicode_decimal": 59038
    },
    {
      "icon_id": "5332262",
      "name": "file_txt",
      "font_class": "file_txt",
      "unicode": "e6a4",
      "unicode_decimal": 59044
    },
    {
      "icon_id": "5332305",
      "name": "file_exe",
      "font_class": "file_exe",
      "unicode": "e6a5",
      "unicode_decimal": 59045
    }
  ]
}
